Fecha,Ingresos,Gastos,CashFlow,Saldo_Bancario
2024-01-01,474835.71,15300.85,459534.85,3659534.85
2024-01-02,443086.78,16722.96,426363.83,4085898.68
2024-01-03,482384.43,13476.27,468908.16,4554806.84
2024-01-04,526151.49,15092.52,511058.97,5065865.82
2024-01-05,438292.33,1215643.22,-777350.89,4288514.92
2024-01-06,2882.93,16039.66,-13156.73,4275358.2
2024-01-07,3789.61,15264.66,-11475.06,4263883.14
2024-01-08,3383.72,14449.46,-11065.74,4252817.4
2024-01-09,2765.26,13758.61,-10993.35,4241824.05
2024-01-10,3271.28,15129.22,-11857.94,4229966.11
2024-01-11,2768.29,13391.79,-10623.5,4219342.61
2024-01-12,2767.14,10617.97,-7850.84,4211491.77
2024-01-13,3120.98,15654.84,-12533.86,4198957.91
2024-01-14,2043.36,16355.9,-14312.54,4184645.37
2024-01-15,2137.54,11455.6,-9318.06,4175327.31
2024-01-16,2718.86,13485.4,-10766.55,4164560.76
2024-01-17,2493.58,15928.73,-13435.15,4151125.62
2024-01-18,3157.12,18086.24,-14929.12,4136196.5
2024-01-19,2545.99,15031.19,-12485.2,4123711.29
2024-01-20,2293.85,413908.0,-411614.15,3712097.15
2024-01-21,3732.82,14725.66,-10992.83,3701104.31
2024-01-22,2887.11,17062.31,-14175.2,3686929.11
2024-01-23,3033.76,14031.05,-10997.29,3675931.82
2024-01-24,2287.63,13801.21,-11513.59,3664418.24
2024-01-25,2727.81,14275.88,-11548.08,3652870.16
2024-01-26,3055.46,13570.01,-10514.55,3642355.61
2024-01-27,2424.5,15184.01,-12759.5,3629596.11
2024-01-28,3187.85,367437.02,-364249.17,3265346.94
2024-01-29,2699.68,15484.62,-12784.94,3252562.01
2024-01-30,2854.15,14621.47,-11767.32,3240794.69
2024-01-31,2699.15,14562.28,-11863.14,3228931.55
2024-02-01,542613.91,12655.21,529958.7,3758890.25
2024-02-02,449325.14,16324.66,433000.47,4191890.72
2024-02-03,397114.45,14883.24,382231.21,4574121.93
2024-02-04,491127.25,14729.28,476397.97,5050519.9
2024-02-05,388957.82,1219789.66,-830831.84,4219688.05
2024-02-06,3104.43,15448.13,-12343.7,4207344.36
2024-02-07,2020.16,13872.31,-11852.15,4195492.21
2024-02-08,2335.91,14360.46,-12024.56,4183467.65
2024-02-09,3098.43,16722.67,-13624.24,4169843.41
2024-02-10,3369.23,15169.91,-11800.67,4158042.74
2024-02-11,3085.68,12842.58,-9756.9,4148285.84
2024-02-12,2942.18,16378.84,-13436.67,4134849.17
2024-02-13,2849.45,13997.78,-11148.34,4123700.84
2024-02-14,2260.74,17809.95,-15549.21,4108151.63
2024-02-15,2640.08,16620.07,-13979.99,4094171.64
2024-02-16,2769.68,14329.02,-11559.34,4082612.3
2024-02-17,3528.56,16921.52,-13392.96,4069219.34
2024-02-18,3171.81,15101.78,-11929.97,4057289.36
2024-02-19,2118.48,16279.16,-14160.68,4043128.68
2024-02-20,3162.04,15727.1,-12565.06,4030563.62
2024-02-21,2807.46,13730.47,-10923.01,4019640.62
2024-02-22,2661.54,14034.68,-11373.14,4008267.48
2024-02-23,3305.84,16544.94,-13239.1,3995028.38
2024-02-24,3515.5,14497.84,-10982.34,3984046.04
2024-02-25,3465.64,14394.53,-10928.89,3973117.15
2024-02-26,2580.39,13567.32,-10986.92,3962130.23
2024-02-27,2845.39,15635.4,-12790.0,3949340.22
2024-02-28,3165.63,368093.79,-364928.16,3584412.07
2024-02-29,3487.77,13398.7,-9910.93,3574501.14
2024-03-01,426041.29,15036.33,411004.96,3985506.1
2024-03-02,440717.05,17118.33,423598.72,4409104.82
2024-03-03,394683.25,14880.54,379802.71,4788907.53
2024-03-04,390189.67,15678.56,374511.11,5163418.64
2024-03-05,490626.29,1213406.41,-722780.12,4440638.53
2024-03-06,3678.12,15642.46,-11964.34,4428674.18
2024-03-07,2963.99,14719.28,-11755.29,4416918.9
2024-03-08,3501.77,16478.59,-12976.83,4403942.07
2024-03-09,3180.82,16781.08,-13600.26,4390341.81
2024-03-10,2677.44,18884.35,-16206.91,4374134.9
2024-03-11,3180.7,15869.45,-12688.75,4361446.15
2024-03-12,3769.02,15488.69,-11719.68,4349726.47
2024-03-13,2982.09,15291.58,-12309.49,4337416.98
2024-03-14,3782.32,14470.25,-10687.93,4326729.05
2024-03-15,1690.13,15507.73,-13817.6,4312911.46
2024-03-16,3410.95,14556.9,-11145.95,4301765.51
2024-03-17,3043.52,15252.69,-12209.17,4289556.34
2024-03-18,2850.5,16976.4,-14125.9,4275430.44
2024-03-19,3045.88,13490.19,-10444.31,4264986.14
2024-03-20,2006.22,16709.82,-14703.6,4250282.53
2024-03-21,2890.16,16975.67,-14085.51,4236197.03
2024-03-22,3178.56,14822.9,-11644.34,4224552.68
2024-03-23,3738.95,11817.22,-8078.27,4216474.41
2024-03-24,2740.86,14088.27,-11347.4,4205127.01
2024-03-25,2595.75,16945.49,-14349.74,4190777.27
2024-03-26,2749.12,14965.7,-12216.58,4178560.7
2024-03-27,3457.7,13501.05,-10043.35,4168517.35
2024-03-28,3164.38,364242.84,-361078.46,3807438.89
2024-03-29,2735.12,16260.93,-13525.81,3793913.08
2024-03-30,3256.63,15820.1,-12563.47,3781349.61
2024-03-31,3048.54,14641.6,-11593.06,3769756.55
2024-04-01,498432.25,14449.76,483982.49,4253739.04
2024-04-02,414897.35,14412.36,400484.98,4654224.02
2024-04-03,433616.89,13616.38,420000.51,5074224.53
2024-04-04,430394.59,17423.06,412971.53,5487196.05
2024-04-05,376824.25,1214516.52,-837692.27,4649503.79
2024-04-06,3148.06,16825.74,-13677.68,4635826.11
2024-04-07,3130.53,17281.97,-14151.45,4621674.66
2024-04-08,3002.56,16497.47,-13494.91,4608179.75
2024-04-09,2882.71,14352.57,-11469.86,4596709.89
2024-04-10,2292.31,15605.6,-13313.28,4583396.61
2024-04-11,2789.68,14963.71,-12174.03,4571222.58
2024-04-12,2828.64,13644.45,-10815.8,4560406.78
2024-04-13,2598.86,15486.54,-12887.68,4547519.1
2024-04-14,2919.36,13231.44,-10312.08,4537207.02
2024-04-15,3202.03,16781.52,-13579.49,4523627.52
2024-04-16,3943.09,14303.07,-10359.98,4513267.54
2024-04-17,3087.29,15301.74,-12214.45,4501053.09
2024-04-18,3128.78,15424.93,-12296.16,4488756.93
2024-04-19,2962.78,14611.64,-11648.87,4477108.07
2024-04-20,2040.61,415880.04,-413839.43,4063268.64
2024-04-21,2986.74,14287.64,-11300.9,4051967.74
2024-04-22,3030.12,16306.95,-13276.83,4038690.91
2024-04-23,4231.62,12981.03,-8749.41,4029941.5
2024-04-24,2903.82,15189.57,-12285.75,4017655.75
2024-04-25,3150.77,17908.39,-14757.62,4002898.13
2024-04-26,2982.64,13499.5,-10516.86,3992381.27
2024-04-27,2415.66,13983.38,-11567.72,3980813.55
2024-04-28,3571.41,365770.86,-362199.45,3618614.1
2024-04-29,3375.97,15269.37,-11893.41,3606720.69
2024-04-30,3395.52,15525.95,-12130.43,3594590.26
2024-05-01,404530.63,15733.78,388796.85,3983387.11
2024-05-02,520139.72,15952.08,504187.63,4487574.74
2024-05-03,379907.45,16664.55,363242.9,4850817.64
2024-05-04,479342.85,15614.73,463728.13,5314545.77
2024-05-05,559522.78,1214638.11,-655115.33,4659430.44
2024-05-06,2504.73,16008.86,-13504.13,4645926.31
2024-05-07,2716.85,17849.82,-15132.97,4630793.34
2024-05-08,3049.83,14801.05,-11751.22,4619042.11
2024-05-09,2748.26,13538.21,-10789.94,4608252.17
2024-05-10,2224.67,16660.62,-14435.95,4593816.22
2024-05-11,3034.28,14819.43,-11785.15,4582031.07
2024-05-12,2468.85,11741.0,-9272.15,4572758.92
2024-05-13,3236.8,16271.13,-13034.34,4559724.58
2024-05-14,2540.29,14197.01,-11656.72,4548067.87
2024-05-15,3774.97,14864.2,-11089.23,4536978.63
2024-05-16,2608.37,15497.97,-12889.6,4524089.04
2024-05-17,2838.97,15285.75,-12446.78,4511642.25
2024-05-18,3406.76,16064.18,-12657.42,4498984.84
2024-05-19,2384.57,14346.77,-11962.2,4487022.63
2024-05-20,3113.73,15769.66,-12655.93,4474366.7
2024-05-21,3653.57,14610.68,-10957.11,4463409.6
2024-05-22,2196.26,16108.22,-13911.96,4449497.64
2024-05-23,3092.32,15923.05,-12830.73,4436666.9
2024-05-24,3129.94,13596.84,-10466.9,4426200.0
2024-05-25,3390.91,16628.97,-13238.06,4412961.94
2024-05-26,2381.52,14196.05,-11814.53,4401147.41
2024-05-27,2339.77,16212.09,-13872.32,4387275.1
2024-05-28,3260.97,365550.93,-362289.96,4024985.14
2024-05-29,3148.49,17757.28,-14608.78,4010376.35
2024-05-30,3125.25,14664.8,-11539.55,3998836.8
2024-05-31,3173.22,14476.02,-11302.8,3987534.0
2024-06-01,415998.76,14970.87,401027.89,4388561.89
2024-06-02,461612.68,14545.23,447067.45,4835629.35
2024-06-03,464653.62,16199.91,448453.71,5284083.06
2024-06-04,414282.43,12575.53,401706.9,5685789.95
2024-06-05,543288.73,1213419.48,-670130.75,5015659.2
2024-06-06,3236.92,13398.3,-10161.38,5005497.82
2024-06-07,2404.35,16425.46,-14021.11,4991476.71
2024-06-08,3328.28,17565.92,-14237.64,4977239.07
2024-06-09,2512.66,14843.33,-12330.67,4964908.4
2024-06-10,3393.54,14746.77,-11353.23,4953555.17
2024-06-11,3579.3,15105.08,-11525.78,4942029.39
2024-06-12,2589.66,16742.82,-14153.16,4927876.23
2024-06-13,3481.69,13608.97,-10127.28,4917748.95
2024-06-14,3206.39,15357.55,-12151.16,4905597.79
2024-06-15,3411.03,16462.8,-13051.77,4892546.02
2024-06-16,3948.4,15751.64,-11803.24,4880742.78
2024-06-17,2877.31,15284.37,-12407.07,4868335.71
2024-06-18,2623.13,16501.57,-13878.44,4854457.27
2024-06-19,2555.24,10945.15,-8389.91,4846067.37
2024-06-20,2592.09,16016.81,-13424.72,4832642.65
2024-06-21,2961.45,14018.89,-11057.44,4821585.21
2024-06-22,3170.58,12254.05,-9083.47,4812501.74
2024-06-23,3138.35,15766.8,-12628.46,4799873.28
2024-06-24,3413.59,17060.49,-13646.9,4786226.38
2024-06-25,3006.5,14793.83,-11787.33,4774439.05
2024-06-26,3726.77,16429.31,-12702.54,4761736.51
2024-06-27,2867.67,17418.42,-14550.75,4747185.76
2024-06-28,4360.08,366972.37,-362612.29,4384573.48
2024-06-29,3312.83,17459.95,-14147.11,4370426.36
2024-06-30,2571.42,1016113.19,-1013541.77,3356884.59
2024-07-01,56432.86,26681.29,29751.57,3386636.17
2024-07-02,68859.78,23694.75,45165.03,3431801.19
2024-07-03,63212.3,24107.63,39104.66,3470905.86
2024-07-04,70712.0,21220.92,49491.09,3520396.94
2024-07-05,99732.38,1224095.39,-1124363.01,2396033.93
2024-07-06,94271.71,20152.24,74119.47,2470153.4
2024-07-07,86532.06,21832.19,64699.87,2534853.27
2024-07-08,52881.22,26520.83,26360.39,2561213.66
2024-07-09,61427.88,26571.6,34856.28,2596069.94
2024-07-10,71851.19,25850.92,46000.28,2642070.22
2024-07-11,66712.75,23066.05,43646.7,2685716.92
2024-07-12,82542.61,24904.58,57638.03,2743354.96
2024-07-13,96731.81,24992.79,71739.01,2815093.97
2024-07-14,98853.17,22683.27,76169.9,2891263.87
2024-07-15,57929.14,28006.8,29922.34,2921186.22
2024-07-16,66229.8,26754.72,39475.08,2960661.29
2024-07-17,65465.67,24558.07,40907.6,3001568.89
2024-07-18,55856.24,25053.77,30802.47,3032371.36
2024-07-19,98577.87,25416.77,73161.11,3105532.47
2024-07-20,100607.85,420916.53,-320308.68,2785223.78
2024-07-21,105830.51,24505.65,81324.87,2866548.65
2024-07-22,73430.42,23636.03,49794.38,2916343.03
2024-07-23,53978.65,22996.76,30981.89,2947324.92
2024-07-24,57497.4,24437.8,33059.6,2980384.52
2024-07-25,69120.28,28595.37,40524.91,3020909.43
2024-07-26,100137.86,26281.69,73856.17,3094765.6
2024-07-27,100150.48,23857.64,76292.83,3171058.44
2024-07-28,133527.31,376145.17,-242617.85,2928440.59
2024-07-29,69567.12,27798.71,41768.41,2970209.0
2024-07-30,74084.53,26849.27,47235.26,3017444.26
2024-07-31,72632.01,25119.26,47512.75,3064957.01
2024-08-01,70211.13,23706.13,46505.0,3111462.01
2024-08-02,91847.31,26396.45,65450.86,3176912.87
2024-08-03,102589.69,25786.97,76802.72,3253715.6
2024-08-04,87271.75,26790.39,60481.36,3314196.96
2024-08-05,63105.45,1226270.34,-1163164.89,2151032.06
2024-08-06,61117.09,27099.11,34017.99,2185050.05
2024-08-07,65654.99,23929.53,41725.46,2226775.51
2024-08-08,83517.27,27634.79,55882.48,2282657.99
2024-08-09,76327.35,25395.2,50932.15,2333590.14
2024-08-10,101862.6,29150.52,72712.08,2406302.22
2024-08-11,78872.84,23621.62,55251.22,2461553.44
2024-08-12,61224.55,28471.93,32752.62,2494306.06
2024-08-13,73711.6,25395.82,48315.78,2542621.84
2024-08-14,65514.24,23697.16,41817.08,2584438.92
2024-08-15,56378.04,24032.23,32345.81,2616784.73
2024-08-16,87846.96,24359.31,63487.66,2680272.39
2024-08-17,101795.98,25848.33,75947.65,2756220.03
2024-08-18,87696.33,26045.67,61650.66,2817870.7
2024-08-19,66731.67,23852.6,42879.07,2860749.77
2024-08-20,65364.57,24951.29,40413.28,2901163.05
2024-08-21,59787.2,29284.54,30502.66,2931665.71
2024-08-22,82151.55,28455.09,53696.47,2985362.17
2024-08-23,101339.19,25872.65,75466.54,3060828.71
2024-08-24,74748.57,25076.01,49672.57,3110501.28
2024-08-25,96864.54,25240.06,71624.48,3182125.76
2024-08-26,59705.71,26227.04,33478.67,3215604.43
2024-08-27,71819.47,22954.41,48865.05,3264469.49
2024-08-28,58659.83,374485.25,-315825.41,2948644.07
2024-08-29,64082.11,21662.83,42419.28,2991063.35
2024-08-30,100049.87,25798.45,74251.43,3065314.78
2024-08-31,103657.55,26294.39,77363.16,3142677.94
2024-09-01,389985.18,15252.98,374732.2,3517410.13
2024-09-02,433274.94,15662.91,417612.03,3935022.16
2024-09-03,426252.73,13364.4,412888.33,4347910.49
2024-09-04,417333.54,17116.4,400217.14,4748127.63
2024-09-05,538272.71,1214852.12,-676579.41,4071548.23
2024-09-06,3202.49,15028.27,-11825.78,4059722.45
2024-09-07,2369.56,16062.32,-13692.76,4046029.68
2024-09-08,3458.93,15349.82,-11890.89,4034138.79
2024-09-09,4061.08,16429.7,-12368.63,4021770.16
2024-09-10,3516.23,15430.69,-11914.45,4009855.71
2024-09-11,2240.32,14081.34,-11841.03,3998014.68
2024-09-12,2757.88,15542.26,-12784.37,3985230.31
2024-09-13,3633.46,13284.41,-9650.96,3975579.35
2024-09-14,2646.17,15162.84,-12516.67,3963062.68
2024-09-15,3221.91,14950.16,-11728.25,3951334.43
2024-09-16,3387.32,14687.82,-11300.51,3940033.92
2024-09-17,2536.53,14807.19,-12270.66,3927763.27
2024-09-18,2970.24,12177.23,-9206.99,3918556.28
2024-09-19,1379.37,14176.91,-12797.55,3905758.73
2024-09-20,2487.81,15139.27,-12651.46,3893107.27
2024-09-21,2873.72,15239.78,-12366.07,3880741.2
2024-09-22,2376.11,13458.49,-11082.38,3869658.82
2024-09-23,3816.21,16898.56,-13082.36,3856576.47
2024-09-24,2284.93,13700.74,-11415.81,3845160.66
2024-09-25,2779.98,16454.19,-13674.21,3831486.45
2024-09-26,3065.37,15640.79,-12575.42,3818911.03
2024-09-27,3720.64,14030.66,-10310.02,3808601.01
2024-09-28,2282.07,367662.97,-365380.9,3443220.11
2024-09-29,3581.58,13209.54,-9627.96,3433592.14
2024-09-30,3005.12,16378.73,-13373.61,3420218.53
2024-10-01,400924.57,16500.87,384423.69,3804642.22
2024-10-02,473105.17,13994.07,459111.1,4263753.33
2024-10-03,459952.98,17088.7,442864.29,4706617.61
2024-10-04,419989.16,14624.93,405364.23,5111981.84
2024-10-05,453490.1,1215433.04,-761942.94,4350038.9
2024-10-06,2807.34,15390.48,-12583.14,4337455.77
2024-10-07,3056.76,14798.54,-11741.78,4325713.99
2024-10-08,3331.07,16216.21,-12885.15,4312828.84
2024-10-09,3793.01,16190.23,-12397.22,4300431.62
2024-10-10,2381.09,12377.2,-9996.11,4290435.51
2024-10-11,4066.52,16956.51,-12889.99,4277545.51
2024-10-12,2023.96,12506.26,-10482.31,4267063.21
2024-10-13,2924.11,16548.82,-13624.71,4253438.49
2024-10-14,3294.16,16690.06,-13395.9,4240042.59
2024-10-15,3140.5,13363.55,-10223.05,4229819.54
2024-10-16,2688.65,14383.78,-11695.13,4218124.41
2024-10-17,2895.94,13341.44,-10445.5,4207678.91
2024-10-18,2753.5,14677.62,-11924.12,4195754.79
2024-10-19,2705.32,14537.95,-11832.63,4183922.16
2024-10-20,3424.8,416169.49,-412744.69,3771177.47
2024-10-21,3178.51,16965.46,-13786.96,3757390.51
2024-10-22,2653.55,17093.53,-14439.98,3742950.53
2024-10-23,3449.8,14156.75,-10706.95,3732243.58
2024-10-24,3153.65,14686.17,-11532.52,3720711.07
2024-10-25,3406.43,12474.84,-9068.41,3711642.66
2024-10-26,3314.81,13791.19,-10476.38,3701166.27
2024-10-27,2585.5,16447.28,-13861.77,3687304.5
2024-10-28,2719.91,367423.37,-364703.46,3322601.04
2024-10-29,3373.65,13148.48,-9774.83,3312826.21
2024-10-30,3305.19,14111.3,-10806.12,3302020.09
2024-10-31,2989.55,14960.39,-11970.84,3290049.24
2024-11-01,455866.37,15420.24,440446.13,3730495.37
2024-11-02,513883.24,13785.59,500097.65,4230593.02
2024-11-03,420421.43,15636.09,404785.34,4635378.36
2024-11-04,477354.87,14289.24,463065.63,5098443.99
2024-11-05,439890.37,1214978.32,-775087.95,4323356.03
2024-11-06,2891.16,15819.43,-12928.27,4310427.77
2024-11-07,3549.39,15009.63,-11460.24,4298967.52
2024-11-08,3412.71,14345.42,-10932.71,4288034.81
2024-11-09,3406.75,14835.59,-11428.83,4276605.98
2024-11-10,3652.74,14867.46,-11214.72,4265391.26
2024-11-11,3010.5,14444.98,-11434.48,4253956.78
2024-11-12,3340.98,14611.81,-11270.83,4242685.95
2024-11-13,2844.87,17397.97,-14553.1,4228132.85
2024-11-14,3162.08,15841.38,-12679.3,4215453.55
2024-11-15,2934.93,14556.78,-11621.85,4203831.7
2024-11-16,3048.5,16045.43,-12996.93,4190834.77
2024-11-17,3297.58,14499.27,-11201.69,4179633.08
2024-11-18,2590.89,16759.69,-14168.8,4165464.28
2024-11-19,4046.19,15554.46,-11508.27,4153956.01
2024-11-20,2496.99,14839.05,-12342.06,4141613.95
2024-11-21,2392.91,15671.58,-13278.67,4128335.28
2024-11-22,3579.06,12643.69,-9064.63,4119270.65
2024-11-23,3395.83,13309.85,-9914.02,4109356.64
2024-11-24,3312.06,13209.11,-9897.05,4099459.58
2024-11-25,3314.17,15214.41,-11900.24,4087559.34
2024-11-26,2993.88,17598.77,-14604.9,4072954.45
2024-11-27,2551.37,18346.95,-15795.58,4057158.87
2024-11-28,3037.9,365957.08,-362919.17,3694239.69
2024-11-29,2661.42,15751.27,-13089.85,3681149.85
2024-11-30,3487.56,12298.41,-8810.85,3672338.99
2024-12-01,442647.13,14185.99,428461.14,4100800.13
2024-12-02,408725.14,13818.32,394906.82,4495706.95
2024-12-03,433930.71,14068.73,419861.98,4915568.93
2024-12-04,470646.57,14747.78,455898.79,5371467.72
2024-12-05,421813.77,1214291.86,-792478.09,4578989.63
2024-12-06,2588.89,12031.05,-9442.16,4569547.47
2024-12-07,3121.84,16121.87,-13000.02,4556547.44
2024-12-08,3122.48,13390.89,-10268.4,4546279.04
2024-12-09,2746.53,15358.87,-12612.34,4533666.7
2024-12-10,2764.48,18111.12,-15346.64,4518320.06
2024-12-11,3116.02,13620.92,-10504.9,4507815.16
2024-12-12,2275.96,11204.57,-8928.61,4498886.55
2024-12-13,2296.27,14570.99,-12274.73,4486611.82
2024-12-14,2640.78,16651.44,-14010.66,4472601.16
2024-12-15,2893.28,17937.52,-15044.24,4457556.92
2024-12-16,3155.45,13155.68,-10000.22,4447556.69
2024-12-17,3737.68,15745.05,-12007.37,4435549.32
2024-12-18,3428.83,14302.03,-10873.2,4424676.12
2024-12-19,2920.03,14841.08,-11921.05,4412755.07
2024-12-20,2990.49,18966.52,-15976.02,4396779.05
2024-12-21,2498.74,12745.54,-10246.81,4386532.24
2024-12-22,2990.74,15380.61,-12389.87,4374142.37
2024-12-23,2855.67,15701.54,-12845.87,4361296.5
2024-12-24,3161.36,16628.68,-13467.32,4347829.18
2024-12-25,2586.38,15146.97,-12560.59,4335268.59
2024-12-26,3259.67,15462.08,-12202.4,4323066.19
2024-12-27,3766.37,14412.53,-10646.16,4312420.03
2024-12-28,2945.62,365403.69,-362458.07,3949961.96
2024-12-29,3200.86,14485.21,-11284.36,3938677.61
2024-12-30,3345.07,15932.36,-12587.29,3926090.32
2024-12-31,2799.39,14445.58,-11646.19,3914444.13
2025-01-01,461204.62,15565.65,445638.97,4360083.1
2025-01-02,450629.62,14956.11,435673.51,4795756.61
2025-01-03,454883.8,16689.08,438194.73,5233951.34
2025-01-04,411349.51,14922.91,396426.6,5630377.95
2025-01-05,451225.51,1212340.45,-761114.94,4869263.0
2025-01-06,3249.0,16892.88,-13643.88,4855619.12
2025-01-07,3725.57,13641.4,-9915.83,4845703.29
2025-01-08,3479.64,14019.35,-10539.72,4835163.57
2025-01-09,4076.59,14106.51,-10029.92,4825133.66
2025-01-10,2616.33,17061.66,-14445.33,4810688.33
2025-01-11,3436.16,11796.49,-8360.33,4802328.0
2025-01-12,3091.67,19706.62,-16614.95,4785713.05
2025-01-13,4094.9,16584.09,-12489.18,4773223.86
2025-01-14,2595.85,15334.86,-12739.01,4760484.86
2025-01-15,2580.14,14917.66,-12337.52,4748147.34
2025-01-16,2700.3,15428.33,-12728.03,4735419.31
2025-01-17,1938.05,15781.68,-13843.63,4721575.68
2025-01-18,2737.12,15967.82,-13230.7,4708344.98
2025-01-19,2620.43,15833.41,-13212.97,4695132.0
2025-01-20,3075.2,415134.37,-412059.17,4283072.83
2025-01-21,3170.88,14703.99,-11533.11,4271539.71
2025-01-22,3938.09,14773.09,-10835.0,4260704.71
2025-01-23,3475.21,14707.64,-11232.43,4249472.28
2025-01-24,2711.55,16700.66,-13989.11,4235483.18
2025-01-25,2550.79,15890.34,-13339.54,4222143.63
2025-01-26,3245.96,10589.42,-7343.46,4214800.18
2025-01-27,2339.88,15983.85,-13643.97,4201156.21
2025-01-28,3915.73,365292.1,-361376.37,3839779.83
2025-01-29,3589.72,14971.94,-11382.22,3828397.62
2025-01-30,2765.41,14417.22,-11651.81,3816745.81
2025-01-31,2143.43,16686.17,-14542.74,3802203.07
2025-02-01,517693.62,16421.29,501272.33,4303475.4
2025-02-02,444273.01,13840.68,430432.32,4733907.72
2025-02-03,511890.82,15610.58,496280.24,5230187.96
2025-02-04,370278.62,13542.51,356736.1,5586924.06
2025-02-05,420031.25,1212930.57,-792899.32,4794024.74
2025-02-06,3002.62,14059.92,-11057.3,4782967.44
2025-02-07,3023.49,16293.59,-13270.1,4769697.34
2025-02-08,2774.97,16429.69,-13654.72,4756042.62
2025-02-09,3311.42,15769.63,-12458.2,4743584.41
2025-02-10,2466.19,16087.64,-13621.45,4729962.96
2025-02-11,2928.81,15774.27,-12845.46,4717117.5
2025-02-12,3060.15,14037.78,-10977.63,4706139.87
2025-02-13,3257.22,15647.88,-12390.66,4693749.21
2025-02-14,3355.81,16200.61,-12844.81,4680904.4
2025-02-15,2437.68,16131.44,-13693.76,4667210.64
2025-02-16,2232.94,16783.37,-14550.43,4652660.22
2025-02-17,3638.84,16062.46,-12423.62,4640236.6
2025-02-18,3166.16,15527.17,-12361.02,4627875.58
2025-02-19,2625.76,16605.23,-13979.47,4613896.12
2025-02-20,3775.58,14960.22,-11184.64,4602711.47
2025-02-21,3057.84,13677.19,-10619.35,4592092.12
2025-02-22,3589.65,14755.4,-11165.75,4580926.37
2025-02-23,3033.76,13882.65,-10848.89,4570077.48
2025-02-24,4030.37,13987.23,-9956.86,4560120.63
2025-02-25,3877.67,14783.22,-10905.55,4549215.07
2025-02-26,2875.52,13811.37,-10935.85,4538279.22
2025-02-27,3485.79,14538.06,-11052.27,4527226.95
2025-02-28,3322.69,362159.58,-358836.89,4168390.06
2025-03-01,518431.58,15319.94,503111.64,4671501.7
2025-03-02,401753.83,15001.81,386752.02,5058253.72
2025-03-03,484302.57,13774.37,470528.21,5528781.92
2025-03-04,502921.22,15988.87,486932.36,6015714.28
2025-03-05,362063.03,1216406.36,-854343.33,5161370.95
2025-03-06,2408.37,12588.66,-10180.29,5151190.66
2025-03-07,1980.38,13855.91,-11875.53,5139315.13
2025-03-08,2865.3,13846.29,-10980.99,5128334.14
2025-03-09,3358.77,13590.15,-10231.37,5118102.77
2025-03-10,3751.18,16244.21,-12493.03,5105609.73
2025-03-11,3037.05,14709.26,-11672.21,5093937.52
2025-03-12,3814.31,14603.23,-10788.92,5083148.6
2025-03-13,2309.95,11994.21,-9684.26,5073464.34
2025-03-14,2148.31,15953.13,-13804.82,5059659.52
2025-03-15,2972.23,13141.11,-10168.89,5049490.64
2025-03-16,3192.03,15089.9,-11897.87,5037592.77
2025-03-17,2983.65,15416.07,-12432.41,5025160.36
2025-03-18,1966.28,17040.99,-15074.71,5010085.65
2025-03-19,2955.44,13036.77,-10081.33,5000004.32
2025-03-20,2347.77,10470.73,-8122.97,4991881.35
2025-03-21,3334.84,15275.77,-11940.94,4979940.42
2025-03-22,3183.3,17700.77,-14517.47,4965422.95
2025-03-23,2530.06,16858.42,-14328.36,4951094.59
2025-03-24,2743.07,15314.49,-12571.42,4938523.17
2025-03-25,2470.39,14262.55,-11792.15,4926731.01
2025-03-26,2968.66,16210.68,-13242.02,4913488.99
2025-03-27,3477.57,13539.68,-10062.11,4903426.88
2025-03-28,2507.14,365714.54,-363207.4,4540219.48
2025-03-29,3252.02,15758.21,-12506.18,4527713.3
2025-03-30,2734.87,16590.31,-13855.44,4513857.85
2025-03-31,2603.56,19139.49,-16535.93,4497321.93
2025-04-01,444648.48,15588.62,429059.86,4926381.79
2025-04-02,398237.88,14236.55,384001.33,5310383.12
2025-04-03,422317.53,14961.64,407355.9,5717739.01
2025-04-04,390106.11,12346.39,377759.72,6095498.73
2025-04-05,548236.26,1213957.93,-665721.67,5429777.06
2025-04-06,3017.63,14386.08,-11368.44,5418408.61
2025-04-07,2650.14,14213.87,-11563.73,5406844.88
2025-04-08,3106.99,15228.53,-12121.54,5394723.34
2025-04-09,2943.84,13766.37,-10822.53,5383900.81
2025-04-10,2889.52,16681.55,-13792.03,5370108.78
2025-04-11,3307.08,15000.31,-11693.23,5358415.55
2025-04-12,3378.75,14986.05,-11607.3,5346808.25
2025-04-13,2734.75,14508.16,-11773.41,5335034.84
2025-04-14,2712.09,15232.79,-12520.7,5322514.15
2025-04-15,2862.47,16237.65,-13375.17,5309138.98
2025-04-16,1849.04,13699.3,-11850.27,5297288.71
2025-04-17,2242.4,14012.83,-11770.42,5285518.29
2025-04-18,3683.44,14544.41,-10860.97,5274657.32
2025-04-19,3822.48,12981.19,-9158.71,5265498.61
2025-04-20,2875.48,413771.11,-410895.63,4854602.97
2025-04-21,3288.28,14285.67,-10997.39,4843605.58
2025-04-22,3155.63,16311.58,-13155.96,4830449.63
2025-04-23,4539.44,15393.84,-10854.4,4819595.22
2025-04-24,3559.79,15290.38,-11730.6,4807864.63
2025-04-25,2936.04,16276.35,-13340.31,4794524.32
2025-04-26,2522.23,14793.94,-12271.71,4782252.61
2025-04-27,2196.78,15585.7,-13388.92,4768863.69
2025-04-28,3101.73,364845.17,-361743.44,4407120.25
2025-04-29,2621.82,15398.04,-12776.22,4394344.03
2025-04-30,2288.87,14125.86,-11836.99,4382507.05
2025-05-01,417671.36,11341.77,406329.58,4788836.63
2025-05-02,395922.6,14798.58,381124.02,5169960.65
2025-05-03,534357.08,17134.12,517222.96,5687183.6
2025-05-04,494081.99,16389.32,477692.66,6164876.27
2025-05-05,449601.37,1216448.1,-766846.73,5398029.54
2025-05-06,3739.97,16854.2,-13114.22,5384915.32
2025-05-07,3038.68,15132.99,-12094.3,5372821.01
2025-05-08,2569.36,15295.97,-12726.62,5360094.4
2025-05-09,3761.56,14073.52,-10311.96,5349782.44
2025-05-10,3269.46,14525.89,-11256.44,5338526.0
2025-05-11,2481.38,15923.66,-13442.28,5325083.72
2025-05-12,2904.83,16805.83,-13901.0,5311182.73
2025-05-13,2562.19,14790.83,-12228.64,5298954.09
2025-05-14,2308.6,14324.72,-12016.12,5286937.97
2025-05-15,3463.09,15000.79,-11537.7,5275400.27
2025-05-16,3954.71,15901.81,-11947.1,5263453.17
2025-05-17,2300.72,12834.22,-10533.5,5252919.67
2025-05-18,3281.48,11555.73,-8274.24,5244645.42
2025-05-19,2674.68,14174.19,-11499.52,5233145.91
2025-05-20,2756.44,13168.93,-10412.49,5222733.41
2025-05-21,2703.8,14237.79,-11533.99,5211199.42
2025-05-22,2568.0,14778.33,-12210.32,5198989.1
2025-05-23,3024.26,14320.13,-11295.87,5187693.23
2025-05-24,2584.52,17178.7,-14594.18,5173099.06
2025-05-25,3135.23,15490.12,-12354.89,5160744.17
2025-05-26,2974.88,15450.71,-12475.83,5148268.34
2025-05-27,2880.53,15933.31,-13052.78,5135215.55
2025-05-28,2546.22,363291.75,-360745.53,4774470.02
2025-05-29,2711.61,16558.67,-13847.05,4760622.97
2025-05-30,3377.7,14886.35,-11508.66,4749114.31
2025-05-31,3250.46,16005.72,-12755.26,4736359.05
2025-06-01,401122.24,13392.21,387730.02,5124089.07
2025-06-02,454966.62,12669.36,442297.25,5566386.32
2025-06-03,487569.36,16226.83,471342.52,6037728.85
2025-06-04,366529.74,15564.61,350965.12,6388693.97
2025-06-05,477168.01,1213646.92,-736478.91,5652215.05
2025-06-06,2668.69,13695.51,-11026.82,5641188.24
2025-06-07,3285.3,16688.15,-13402.85,5627785.38
2025-06-08,2618.37,13215.88,-10597.51,5617187.87
2025-06-09,2097.56,17464.01,-15366.45,5601821.42
2025-06-10,2186.23,13649.07,-11462.84,5590358.58
2025-06-11,3024.04,15957.59,-12933.55,5577425.04
2025-06-12,3129.86,14507.07,-11377.21,5566047.83
2025-06-13,2547.84,15904.78,-13356.94,5552690.89
2025-06-14,3319.3,14183.83,-10864.53,5541826.35
2025-06-15,2169.24,14755.81,-12586.57,5529239.78
2025-06-16,2966.96,15061.38,-12094.42,5517145.36
2025-06-17,2394.49,13496.72,-11102.23,5506043.14
2025-06-18,2674.08,16111.24,-13437.15,5492605.98
2025-06-19,3023.7,14230.18,-11206.48,5481399.5
2025-06-20,2569.79,14657.1,-12087.31,5469312.2
2025-06-21,2807.72,13508.48,-10700.75,5458611.44
2025-06-22,3503.15,11156.5,-7653.35,5450958.09
2025-06-23,2711.55,14713.46,-12001.9,5438956.18
2025-06-24,3417.85,18618.92,-15201.08,5423755.11
2025-06-25,2435.15,16176.91,-13741.76,5410013.35
2025-06-26,3264.9,14971.11,-11706.21,5398307.14
2025-06-27,3720.78,14605.66,-10884.88,5387422.26
2025-06-28,1764.18,365033.7,-363269.52,5024152.74
2025-06-29,2601.55,15820.68,-13219.13,5010933.61
2025-06-30,3288.54,1013228.78,-1009940.24,4000993.37
2025-07-01,63375.64,24395.06,38980.58,4039973.94
2025-07-02,67969.17,24223.65,43745.52,4083719.47
2025-07-03,60168.12,25340.83,34827.29,4118546.75
2025-07-04,95865.9,25321.15,70544.75,4189091.5
2025-07-05,93443.23,1225006.09,-1131562.86,3057528.64
2025-07-06,106677.82,25873.88,80803.94,3138332.58
2025-07-07,67035.37,27381.29,39654.07,3177986.66
2025-07-08,67700.82,26899.11,40801.71,3218788.37
2025-07-09,61704.98,22030.2,39674.78,3258463.15
2025-07-10,61099.15,19892.16,41206.99,3299670.14
2025-07-11,90674.42,26868.64,63805.78,3363475.92
2025-07-12,98944.52,22266.24,76678.28,3440154.2
2025-07-13,90790.16,24550.47,66239.69,3506393.88
2025-07-14,67318.2,22659.77,44658.42,3551052.31
2025-07-15,81603.21,21396.04,60207.17,3611259.48
2025-07-16,71969.0,26082.93,45886.07,3657145.55
2025-07-17,62391.81,26518.31,35873.5,3693019.05
2025-07-18,107012.14,23846.98,83165.16,3776184.21
2025-07-19,90919.25,19817.92,71101.33,3847285.54
2025-07-20,74618.75,423907.51,-349288.76,3497996.78
2025-07-21,56935.31,25783.61,31151.7,3529148.49
2025-07-22,50033.66,22042.18,27991.49,3557139.97
2025-07-23,62187.89,25366.72,36821.17,3593961.15
2025-07-24,65147.35,24969.38,40177.97,3634139.11
2025-07-25,111764.37,26158.58,85605.79,3719744.9
2025-07-26,98269.27,25239.16,73030.11,3792775.02
2025-07-27,92808.99,23053.86,69755.13,3862530.15
2025-07-28,71635.24,377393.14,-305757.9,3556772.25
2025-07-29,47310.92,24682.94,22627.98,3579400.23
2025-07-30,66884.92,24945.39,41939.53,3621339.75
2025-07-31,71166.92,23133.46,48033.46,3669373.21
2025-08-01,80214.14,24113.44,56100.7,3725473.91
2025-08-02,106437.54,23230.39,83207.15,3808681.06
2025-08-03,98384.96,24654.11,73730.86,3882411.91
2025-08-04,61677.7,28423.42,33254.28,3915666.19
2025-08-05,70062.25,1222256.2,-1152193.94,2763472.25
2025-08-06,83165.54,21772.88,61392.67,2824864.92
2025-08-07,66454.93,27942.34,38512.59,2863377.51
2025-08-08,97482.21,24581.35,72900.85,2936278.36
2025-08-09,90406.39,23661.85,66744.54,3003022.9
2025-08-10,86501.56,27079.81,59421.75,3062444.64
2025-08-11,71642.69,23788.77,47853.92,3110298.56
2025-08-12,58151.33,28652.02,29499.31,3139797.87
2025-08-13,65572.53,26355.85,39216.68,3179014.55
2025-08-14,61178.74,24024.18,37154.56,3216169.11
2025-08-15,99789.8,29314.62,70475.18,3286644.29
2025-08-16,98336.62,23788.57,74548.05,3361192.34
2025-08-17,105375.4,26484.19,78891.21,3440083.55
2025-08-18,60919.87,25598.59,35321.28,3475404.84
2025-08-19,62841.0,27603.48,35237.52,3510642.35
2025-08-20,57169.89,28123.02,29046.87,3539689.22
2025-08-21,61445.65,25064.01,36381.65,3576070.87
2025-08-22,98773.0,23493.16,75279.84,3651350.71
2025-08-23,102569.89,25919.94,76649.94,3728000.65
2025-08-24,85778.35,23644.57,62133.78,3790134.43
2025-08-25,71956.85,29026.77,42930.07,3833064.5
2025-08-26,75845.1,25273.07,50572.03,3883636.53
2025-08-27,68307.48,24269.36,44038.12,3927674.66
2025-08-28,80014.37,375369.36,-295354.99,3632319.66
2025-08-29,87262.11,22305.75,64956.36,3697276.02
2025-08-30,82553.45,23056.77,59496.68,3756772.7
2025-08-31,77212.8,27400.83,49811.97,3806584.67
2025-09-01,524802.22,15882.83,508919.39,4315504.06
2025-09-02,482718.28,12602.81,470115.47,4785619.53
2025-09-03,447220.77,15693.26,431527.51,5217147.04
2025-09-04,463998.43,18036.46,445961.97,5663109.0
2025-09-05,393725.55,1212955.24,-819229.69,4843879.31
2025-09-06,4222.88,15284.56,-11061.68,4832817.63
2025-09-07,3064.61,14007.03,-10942.42,4821875.21
2025-09-08,3054.7,15638.83,-12584.13,4809291.08
2025-09-09,3362.88,15028.72,-11665.84,4797625.24
2025-09-10,3240.5,14037.77,-10797.27,4786827.97
2025-09-11,3111.94,15731.81,-12619.87,4774208.11
2025-09-12,2604.76,17706.52,-15101.76,4759106.35
2025-09-13,3235.73,14713.64,-11477.91,4747628.44
2025-09-14,3941.01,16079.64,-12138.62,4735489.81
2025-09-15,3672.71,13060.09,-9387.38,4726102.43
2025-09-16,3796.59,13565.35,-9768.75,4716333.68
2025-09-17,2744.39,15708.61,-12964.22,4703369.46
2025-09-18,2505.2,17226.17,-14720.98,4688648.49
2025-09-19,2937.11,15533.42,-12596.31,4676052.17
2025-09-20,3027.86,14530.41,-11502.55,4664549.62
2025-09-21,3547.1,14998.94,-11451.84,4653097.78
2025-09-22,2153.77,13124.39,-10970.62,4642127.16
2025-09-23,3764.78,15906.77,-12142.0,4629985.16
2025-09-24,2921.0,16323.5,-13402.5,4616582.66
2025-09-25,2786.56,14321.86,-11535.31,4605047.35
2025-09-26,2493.95,14294.94,-11800.99,4593246.37
2025-09-27,2172.57,15398.82,-13226.25,4580020.12
2025-09-28,3411.59,364344.92,-360933.34,4219086.79
2025-09-29,3036.66,14900.8,-11864.14,4207222.64
2025-09-30,2355.02,18149.58,-15794.56,4191428.08
2025-10-01,385246.06,14629.46,370616.6,4562044.68
2025-10-02,433210.77,14462.49,418748.28,4980792.96
2025-10-03,533451.08,14028.69,519422.39,5500215.34
2025-10-04,437020.43,16116.29,420904.14,5921119.49
2025-10-05,374842.85,1214728.16,-839885.31,5081234.18
2025-10-06,2877.13,14025.94,-11148.81,5070085.37
2025-10-07,2863.64,16981.96,-14118.32,5055967.05
2025-10-08,1651.56,17129.4,-15477.85,5040489.2
2025-10-09,2972.85,14099.36,-11126.51,5029362.69
2025-10-10,2884.53,12200.19,-9315.66,5020047.03
2025-10-11,3348.1,16511.27,-13163.17,5006883.86
2025-10-12,3924.48,13973.06,-10048.58,4996835.29
2025-10-13,3563.28,16185.94,-12622.66,4984212.63
2025-10-14,2865.56,12044.84,-9179.29,4975033.34
2025-10-15,2446.74,16338.9,-13892.16,4961141.18
2025-10-16,4286.68,13183.24,-8896.56,4952244.62
2025-10-17,3029.61,16096.15,-13066.54,4939178.08
2025-10-18,3006.96,15021.41,-12014.44,4927163.64
2025-10-19,2987.94,13569.09,-10581.15,4916582.48
2025-10-20,3099.04,414389.45,-411290.4,4505292.08
2025-10-21,2927.82,16029.48,-13101.66,4492190.42
2025-10-22,2713.17,15158.84,-12445.67,4479744.75
2025-10-23,2726.57,15876.62,-13150.05,4466594.7
2025-10-24,2983.62,17964.66,-14981.04,4451613.66
2025-10-25,2728.29,12653.64,-9925.35,4441688.31
2025-10-26,2643.58,17425.82,-14782.24,4426906.07
2025-10-27,3053.22,15156.53,-12103.32,4414802.75
2025-10-28,2872.51,363651.82,-360779.31,4054023.44
2025-10-29,3752.0,13004.53,-9252.53,4044770.91
2025-10-30,1674.52,14716.32,-13041.8,4031729.1
2025-10-31,3545.75,16382.48,-12836.72,4018892.38
2025-11-01,512304.26,14808.68,497495.58,4516387.97
2025-11-02,346330.49,17266.73,329063.76,4845451.72
2025-11-03,432865.62,12823.24,420042.38,5265494.11
2025-11-04,431427.96,14981.87,416446.09,5681940.2
2025-11-05,379624.42,1213121.41,-833496.99,4848443.2
2025-11-06,2611.09,15545.45,-12934.36,4835508.84
2025-11-07,2444.71,16330.33,-13885.62,4821623.23
2025-11-08,3876.14,14368.86,-10492.72,4811130.5
2025-11-09,3467.84,11093.68,-7625.84,4803504.66
2025-11-10,3635.78,15298.42,-11662.64,4791842.02
2025-11-11,3360.84,15655.11,-12294.27,4779547.75
2025-11-12,2435.47,15606.44,-13170.97,4766376.78
2025-11-13,2737.74,16853.67,-14115.93,4752260.85
2025-11-14,3244.69,13393.42,-10148.73,4742112.11
2025-11-15,2388.94,16020.32,-13631.39,4728480.73
2025-11-16,3356.5,16788.76,-13432.26,4715048.46
2025-11-17,2879.84,12332.12,-9452.28,4705596.18
2025-11-18,2812.59,15479.48,-12666.89,4692929.29
2025-11-19,3355.48,14243.73,-10888.25,4682041.04
2025-11-20,3222.13,14877.72,-11655.58,4670385.46
2025-11-21,2819.52,15521.51,-12702.0,4657683.46
2025-11-22,3579.66,14269.16,-10689.49,4646993.97
2025-11-23,2459.47,13986.44,-11526.97,4635467.0
2025-11-24,3307.97,15051.23,-11743.26,4623723.74
2025-11-25,3296.55,13369.13,-10072.58,4613651.16
2025-11-26,2845.23,13371.26,-10526.04,4603125.12
2025-11-27,3163.07,16019.06,-12855.99,4590269.13
2025-11-28,2374.44,363276.81,-360902.37,4229366.76
2025-11-29,3462.01,15999.47,-12537.46,4216829.31
2025-11-30,2907.55,15693.89,-12786.34,4204042.97
2025-12-01,423863.85,12411.29,411452.56,4615495.53
2025-12-02,502450.46,13983.65,488466.81,5103962.34
2025-12-03,414782.82,16791.16,397991.65,5501953.99
2025-12-04,379576.94,13528.25,366048.68,5868002.67
2025-12-05,372168.54,1214303.39,-842134.85,5025867.82
2025-12-06,3303.0,15693.09,-12390.09,5013477.73
2025-12-07,2359.79,16175.09,-13815.3,4999662.43
2025-12-08,3877.4,14622.69,-10745.29,4988917.14
2025-12-09,1959.04,14103.73,-12144.7,4976772.44
2025-12-10,3848.23,17133.55,-13285.33,4963487.11
2025-12-11,3105.51,17608.35,-14502.84,4948984.27
2025-12-12,2951.64,16468.29,-13516.64,4935467.63
2025-12-13,2727.54,15127.98,-12400.44,4923067.19
2025-12-14,3199.57,13787.6,-10588.03,4912479.16
2025-12-15,2981.18,13754.33,-10773.15,4901706.01
2025-12-16,3551.65,15783.77,-12232.12,4889473.89
2025-12-17,3057.11,15627.6,-12570.48,4876903.4
2025-12-18,3075.15,17102.4,-14027.25,4862876.16
2025-12-19,2818.19,15975.68,-13157.48,4849718.68
2025-12-20,2971.53,12745.38,-9773.85,4839944.82
2025-12-21,3153.9,16577.92,-13424.02,4826520.8
2025-12-22,2144.92,13502.91,-11357.99,4815162.81
2025-12-23,2325.91,14424.04,-12098.14,4803064.67
2025-12-24,3371.63,15375.3,-12003.67,4791061.01
2025-12-25,3085.43,17993.5,-14908.07,4776152.94
2025-12-26,2908.01,19664.88,-16756.87,4759396.07
2025-12-27,3009.22,15910.08,-12900.87,4746495.2
2025-12-28,3173.79,364725.21,-361551.41,4384943.79
2025-12-29,2730.12,15801.76,-13071.64,4371872.15
2025-12-30,2610.85,16331.48,-13720.64,4358151.51
2025-12-31,3097.92,14519.0,-11421.08,4346730.44
2026-01-01,401081.36,17692.82,383388.54,4730118.98
2026-01-02,470412.64,15345.11,455067.53,5185186.51
2026-01-03,364870.82,15746.61,349124.21,5534310.72
2026-01-04,501457.78,15998.89,485458.9,6019769.61
2026-01-05,473629.87,1215632.38,-742002.51,5277767.11
2026-01-06,3128.01,16258.41,-13130.4,5264636.71
2026-01-07,3491.35,14074.12,-10582.77,5254053.94
2026-01-08,3832.74,14162.55,-10329.81,5243724.13
2026-01-09,3507.19,13349.77,-9842.58,5233881.54
2026-01-10,2079.56,15659.25,-13579.69,5220301.85
2026-01-11,2360.21,16168.4,-13808.19,5206493.66
2026-01-12,2687.59,15686.66,-12999.07,5193494.59
2026-01-13,3013.05,17511.74,-14498.69,5178995.9
2026-01-14,3258.83,14991.61,-11732.78,5167263.12
2026-01-15,2637.13,16003.11,-13365.98,5153897.14
2026-01-16,3093.38,13362.45,-10269.07,5143628.07
2026-01-17,2622.31,14419.35,-11797.04,5131831.03
2026-01-18,2694.24,16043.31,-13349.07,5118481.96
2026-01-19,2296.67,16273.65,-13976.98,5104504.98
2026-01-20,2538.38,414559.05,-412020.67,4692484.31
2026-01-21,2324.16,14892.6,-12568.44,4679915.87
2026-01-22,2512.06,12723.19,-10211.13,4669704.75
2026-01-23,3526.82,14464.46,-10937.64,4658767.11
2026-01-24,2525.3,16335.57,-13810.27,4644956.84
2026-01-25,4316.19,15862.81,-11546.62,4633410.22
2026-01-26,3246.66,15751.0,-12504.34,4620905.88
2026-01-27,3092.42,15074.66,-11982.24,4608923.64
2026-01-28,2570.82,365010.59,-362439.77,4246483.86
2026-01-29,3350.15,14009.52,-10659.36,4235824.5
2026-01-30,2712.18,16048.24,-13336.06,4222488.44
2026-01-31,3061.0,15631.46,-12570.45,4209917.98
2026-02-01,578004.23,15738.03,562266.2,4772184.18
2026-02-02,445197.01,14210.95,430986.06,5203170.24
2026-02-03,507463.67,11769.99,495693.68,5698863.92
2026-02-04,414841.18,16645.73,398195.45,6097059.37
2026-02-05,448250.58,1214281.74,-766031.17,5331028.2
2026-02-06,3885.4,13705.84,-9820.44,5321207.77
2026-02-07,2686.52,16040.22,-13353.7,5307854.06
2026-02-08,3906.22,14411.98,-10505.76,5297348.31
2026-02-09,3353.88,16589.9,-13236.03,5284112.28
2026-02-10,2718.77,15925.51,-13206.74,5270905.54
2026-02-11,3316.2,16025.35,-12709.15,5258196.39
2026-02-12,3486.28,12951.07,-9464.79,5248731.6
2026-02-13,3310.9,16817.92,-13507.01,5235224.59
2026-02-14,2214.89,15391.88,-13176.99,5222047.6
2026-02-15,2636.43,14446.08,-11809.65,5210237.95
2026-02-16,2876.24,15215.08,-12338.84,5197899.1
2026-02-17,2962.78,12335.65,-9372.86,5188526.24
2026-02-18,3310.34,15612.98,-12302.64,5176223.6
2026-02-19,3088.85,13455.94,-10367.09,5165856.5
2026-02-20,2332.33,12970.99,-10638.67,5155217.84
2026-02-21,3190.1,12716.46,-9526.36,5145691.47
2026-02-22,3305.29,16669.03,-13363.74,5132327.74
2026-02-23,3279.9,14056.1,-10776.21,5121551.53
2026-02-24,3540.39,17300.59,-13760.2,5107791.32
2026-02-25,3416.96,14196.3,-10779.34,5097011.99
2026-02-26,3229.59,12438.96,-9209.37,5087802.61
2026-02-27,2964.92,13325.21,-10360.3,5077442.32
2026-02-28,2169.52,366853.72,-364684.2,4712758.12
